,data1,data2,data3,data4,data5,data6,data7,data8,class
0,17.261027677335854,0.2330847103059492,1.0541847241562947,3.2891815910724977,0.6465513308332609,0.3232075606419122,0.36288015433896287,0.22223855390384867,1
1,18.791971637269715,0.2182406636115154,1.0047915120411017,3.1603441985021243,0.636964898299962,0.30369909141453616,0.3419725726942306,0.21259892537309005,1
2,7.517735452801995,0.3590308924200475,1.3528115166094163,4.142039245722523,0.8300798982730779,0.44053230637712704,0.5065953278767054,0.29996172830244194,1
3,0.03722588195225224,0.4535703991539128,1.5556505704824397,4.728338385096501,1.1272425510569757,0.5577104701384414,0.6198156373368524,0.3659208919981475,1
4,0.4675144388785193,0.5535207265931984,1.6531309170820372,4.73715130137533,1.1364286258886942,0.60304845151081,0.6518317400478604,0.39864810276313245,1
5,0.3098880789912072,0.6279581203758375,1.7178534471835265,4.847185427090502,1.3702494920842665,0.6861314577451,0.679305462761509,0.4148515082114773,1
6,0.3002317563227017,0.5071513066909096,1.6642292912999759,4.924263075018856,1.1176044072501716,0.6705887864091388,0.7008486902169297,0.37166980505558145,1
7,0.30462046391660985,0.5623560194835666,1.67466827979989,4.952554850694729,1.3324235559360957,0.7325902578707679,0.7192431991100147,0.3803998370406467,1
8,0.29666316914553864,0.4838635057700586,1.7058107406274219,4.997071500730498,1.2055183688624833,0.7358739471708702,0.7021267029486201,0.3560828786401534,1
9,0.301399126814629,0.5555491922008514,1.6314751108012726,4.894341055868681,1.2378588557768078,0.6998694870384783,0.6689535621051582,0.33886446437026163,1
10,0.28745322683122354,0.5333629828797182,1.6115741783850415,4.834090657047081,1.5534904303373953,0.7058901085460902,0.6757758108058894,0.350244243729071,1
11,0.2544144490765154,0.6857926897900024,1.5724322395221415,4.733719629087725,1.5057261917478417,0.6568325525226311,0.6357850403613173,0.3145056263183381,1
12,0.23065476660820428,0.6686627028601716,1.6952882890308214,4.889698925031073,1.7275441120285455,0.6509448336395214,0.6650136358358699,0.2866365561353878,1
13,0.20013403757526227,0.49016642259815485,1.8428767401934956,5.224559619439281,1.8161978985571923,0.6716602486435479,0.6904081084872721,0.2487361393605664,1
14,0.2133491881551093,0.5236229261473281,1.9275812508724268,5.272769871862434,1.9119094108581671,0.714075279299022,0.763211799803325,0.2732666413907082,1
15,0.19516864034319828,0.4809045047907302,1.855923725421198,5.158796894830758,1.7637556300513488,0.6580002643821338,0.7070871103339965,0.26513548097172146,1
16,0.17190259452898998,0.4974196167418255,1.902490029066274,5.239210082490415,1.7856318883661986,0.6918545628290046,0.7210014050937928,0.2538328444418064,1
17,0.1758303126208905,0.3921009030385266,1.8872194223975427,5.292248560926017,1.8905880263429558,0.6888556173030094,0.7192499893757136,0.23702433983222637,1
18,0.1615970065909181,0.5274797384209489,1.8832121092828058,5.100660795357554,1.642228811788451,0.6841794523030866,0.732154287270499,0.24702650529661047,1
19,0.15388744254520836,0.4913516203599933,1.9301855256030254,5.248542966379224,1.7540468386395238,0.6529712568702771,0.7362671071917537,0.23693330351826322,1
20,0.14987019860363848,0.42226624563455206,1.915005513453679,5.288683473792843,1.8022649542302762,0.6741717271216437,0.774292738313967,0.2573205026732833,1
21,0.1611329374841074,0.4564476715821153,1.8777189956975895,5.201595040423878,1.7733395511017396,0.6276619753793746,0.7455065350630795,0.2435975912490614,1
22,0.16274138644147237,0.500040143260279,1.9507479150476554,5.232031835554304,1.6790444093904153,0.647323157189286,0.7672497157584519,0.2567788455244593,1
23,0.1765334915942704,0.38627211681616735,1.9635118633728335,5.362574728410055,1.7910605888603748,0.6107324752064939,0.7713049874797424,0.22884216113007447,1
24,0.16344917863317313,0.43447401551002574,1.9779450497105457,5.415426721599794,1.7937196317349193,0.6294741183085542,0.8274692263201591,0.2471697781726331,1
25,0.12994911957390054,0.3651626826494198,1.9628135388683075,5.423787164455747,1.8027494470236392,0.6052230128341743,0.8086935202148742,0.20640509031332768,1
26,0.15026370198690234,0.4867791656733639,1.8904530305179408,5.181808510473205,1.62824098204914,0.5667797313845441,0.8086118574052916,0.2451187579690421,1
27,0.11936534112253468,0.3990540925744688,1.9610783784412802,5.332473629572056,1.7084724730897851,0.540413540459234,0.8105448111925875,0.2089467867032657,1
28,0.14063653636472973,0.4063213661312947,2.0213136419656608,5.378552998596078,1.6515139102047551,0.577679347019395,0.9015889364441774,0.2728633165998507,1
29,0.11297554429552073,0.4110780835355143,1.9745676495254632,5.3728344348012875,1.6374557081147796,0.5458376884481595,0.8680855155073283,0.2256862712617955,1
30,0.1380443118615823,0.41567256091809307,1.993115687109076,5.3587647889923415,1.583111393432381,0.5541000866690181,0.8932622125449173,0.24683516867254218,1
31,0.13423177473806902,0.4070839628975974,1.9782844455321025,5.427566597567942,1.6502087274440775,0.5169598863647814,0.9020136990476068,0.20453402162139833,1
32,0.1270215281204484,0.3759765699728999,1.985132080359828,5.514508903768494,1.616776175881369,0.5457176490385031,0.928610311528042,0.24015388340527904,1
33,0.11407653078559453,0.3447089312498718,1.9715065315368954,5.49183414198395,1.6276456234758139,0.5120642859452672,0.937530566492909,0.18420183876602145,1
34,0.14069846080888948,0.37902207460737913,2.022232840593634,5.506150614001776,1.594051888498792,0.5594044924147766,1.0192633716316883,0.23678434633442186,1
35,0.11829902859092595,0.3205355095878359,1.9653300562034623,5.489285070690412,1.5925854689879693,0.4993481714601364,0.9906002377550062,0.16387147215134704,1
36,0.14086432767024962,0.37270770285630944,1.9691982437287743,5.45004982247626,1.5451184099553203,0.5064345988261686,1.009305664863143,0.21783891623193147,1
37,0.12208868053259019,0.3237350366474914,1.9495227734461387,5.526464200510323,1.5781210967705854,0.4618523770973427,1.0059812016184815,0.16230829323453255,1
38,0.13155400120513838,0.32539966883650834,1.9266572777899456,5.5843873267143325,1.5551907160733607,0.4879700140896017,1.0249912971056412,0.2007182082048007,1
39,0.12128875648760898,0.3000168467356124,1.881142976944217,5.489023931243051,1.4951421509463838,0.449765668056917,0.9993872333845938,0.1526510109408675,1
40,0.16669325410334826,0.3342591598345211,1.8666117637043236,5.359957380201853,1.482456859678525,0.4327891550855704,0.9869656135513114,0.18484462555579123,1
41,0.14569780193881363,0.4910204334301053,1.7372929167722575,5.040614745088771,1.3267499605135618,0.3605947543756102,0.8997572423090955,0.1708045921851212,1
42,0.12525208483241237,0.3792199196411506,1.8357676342036853,5.2609970500491245,1.394151100970198,0.3818074833575721,0.9719232677815584,0.21162048650266319,1
43,0.09545519328105119,0.32240883489874855,1.8311908014626834,5.241915271018035,1.3985161229060497,0.35172247271898105,0.9585866568962796,0.14233093196464283,1
44,0.10012857473098631,0.330620862309456,1.8384484936833345,5.352705361289294,1.421668518420584,0.3740197308925217,0.9733021567770463,0.15708711007444084,1
45,0.08755031724842204,0.2907593665255924,1.8090395524061778,5.330256127650793,1.4360696107537951,0.32471979970546616,0.9644598567727832,0.1308843082727563,1
46,0.10864652327490579,0.4090403344036707,1.7965362995084704,5.333479452610204,1.4174402116750073,0.3882033406494719,0.9780689606540367,0.22975618433032508,1
47,0.16140963204760483,0.28456076622505794,1.7849174977836963,5.347541947651678,1.4060540377566768,0.30995868765049395,0.9384200607972051,0.14180359647476984,1
48,0.13346164615431697,0.36196233759975915,1.7776909849660123,5.471970709848194,1.5302081383604822,0.35884306945923455,0.9744601653150102,0.2047879899345416,1
49,0.10878074525640449,0.39118812520485113,1.6519626518082524,5.146083862450022,1.3617406262661798,0.2779149341926193,0.8611904134571217,0.1321884126121417,1
50,0.1486438735837361,0.5301758700901383,1.7441132784061744,5.185207563056222,1.3957497504560108,0.35313630565529364,0.904845211967578,0.21131717932283398,1
51,0.11654923625794406,0.3601228461324755,1.6879105605125948,5.1982839566213475,1.3516075303716932,0.27918567864982363,0.8632757556834867,0.13654630304163087,1
52,0.14225315529687751,0.37350422899979996,1.7849756379971315,5.427708654734584,1.4861042436719134,0.3246841227648961,0.9017865035675307,0.20649138581038876,1
53,0.11697378189281041,0.2859000700815509,1.739791694869951,5.377076585885332,1.4466252715739802,0.278187554512607,0.8674950350276167,0.1155390497219647,1
54,0.13868382338927457,0.37594818816895853,1.7790462679288022,5.4482695844315145,1.4367945454346978,0.3287874044948189,0.9382317474799777,0.20540230130827472,1
55,0.11326969818378986,0.28520642934055707,1.7200474556630083,5.40535619722093,1.4340625942009988,0.2715742028392226,0.8639149676969627,0.11812794787688152,1
56,0.13206671935223138,0.35654835851660877,1.7976381631250022,5.464776875717133,1.4073417253530534,0.31776957730167665,0.8819649800895113,0.1667792419201779,1
57,0.10829279582739047,0.25849836277807187,1.7439087560250925,5.420042973693064,1.3541017181117685,0.2641987135058726,0.8498485422959963,0.09453272364247864,1
58,0.14415866210365197,0.35103203067766303,1.7670720905973702,5.492621538999325,1.4052910153097582,0.31624169540056485,0.8675170794504746,0.17566051854129017,1
59,0.108344584358978,0.24781869400702072,1.6978824151704974,5.434202887701236,1.3331734859407,0.2591624426094342,0.8386215237656878,0.08319533606393985,1
60,0.13903250168411638,0.36406906843308223,1.7753658131231258,5.46013305958713,1.383412445191723,0.31040529652534277,0.847549923079493,0.175006679219502,1
61,0.10366412748466432,0.2730147045260377,1.662015326228936,5.468019867555433,1.3233232667719899,0.2636898493505922,0.8084459233178669,0.08290346128888094,1
62,0.15521775294537596,0.3356476820216971,1.7311478379321557,5.447576568050236,1.3346608717908617,0.3109890988488123,0.8641581498975974,0.1821367182852704,1
63,-0.017582823574689856,0.29254486681836217,1.6966797128144364,5.412137575302576,1.2809043253213321,0.275573872746552,0.4458772786977234,0.12564099996844746,1
64,0.8609804482819805,0.23646072612602675,1.5913954111329014,5.342091459087944,1.1620571708817495,0.2514396350400351,2.9825665111387973,0.10501113750967611,1
65,2.4710002608006807,0.15675367705114251,1.6631648125750682,5.985884450702273,1.2012324480821877,0.23186762245868733,7.7141763212273915,0.10414593262933854,1
66,2.543029106577531,0.15482438775394367,1.661515757171842,6.018080459207465,1.2029419708337972,0.23280943337150822,7.918738347345058,0.10490892979870504,1
67,2.5081526507798433,0.15549486620809247,1.6629514174259887,5.992689034395383,1.200496120527858,0.23186407886086455,7.821041985167391,0.10408986210678299,1
68,1.844013769916022,0.18950835578464592,1.6062347764983214,5.669686233762388,1.171224970267949,0.23616767707865055,5.863936798800398,0.10468253659936715,1
69,12.330638318867754,0.1531867300771512,0.3452833114642002,2.741114604021158,0.23362179563096572,0.04922783718781818,8.161269350175319,0.4944924811717842,2
70,13.467054082919793,0.1455117595567602,0.3379230132663099,2.804908954301295,0.20469764987219444,0.04637744578215785,8.89641784832766,0.500219884963969,2
71,5.283518011231713,0.22528324885673143,0.38629483871769515,2.2944510927357027,0.47551708196232734,0.06987751504483909,3.526299341142056,0.4172622028949644,2
72,0.08349786921838231,0.38208537529170566,0.5051009243704541,1.9034197743848522,0.5166129677239185,0.08629652622675969,0.037420147033576295,0.41258735670159696,2
73,0.3520696816716894,0.2749492289438102,0.5310163464064497,2.127858360954119,0.4510722368259627,0.06635899262569495,0.2399453474131786,0.5115442065487544,2
74,0.25624002409569224,0.2448312701700731,0.5164865367304479,2.1244409809126745,0.5411905612708559,0.07855131104887385,0.16306299696814663,0.48293607014148565,2
75,0.2382014081118527,0.35607230065545215,0.6337026295316595,2.2013224362051202,0.8027651384367693,0.10853481882130721,0.16440703827033978,0.42981412162807614,2
76,0.2526167195741363,0.3673272403226515,0.6646980988748704,2.336242419646501,0.9834308536608565,0.35334271155037517,0.178675640792195,1.987422503127174,2
77,0.21106370036837854,0.2696711255704473,0.6684905626738976,2.3649391145477674,0.5577439506311405,0.08469491195822774,0.13860554879179074,0.13790858152111757,2
78,0.20874305526290485,0.2566629109506705,0.6602532174472823,2.360986665435993,0.5282904995511795,0.09036672710614323,0.15179036758556294,0.3254555535121468,2
79,0.2261661797845361,0.277160603283987,0.6973738007471812,2.3845066298947457,0.5367465114125581,0.08331818310087358,0.1525835709379499,0.26817684771772704,2
80,0.23061654605654175,0.2324887401946966,0.6961989177783079,2.3728617913680483,0.5219665663629911,0.06595469330884458,0.14541304230559457,0.25913183616527113,2
81,0.24510225726025742,0.3150186357828204,0.713656587492995,2.3971559117931474,0.7389601548348209,0.11449254185597435,0.14955059956683459,0.2792062185525286,2
82,0.237764579261486,0.2255663549477235,0.6857687169173399,2.334875421674346,0.5277472220260803,0.07317933316880748,0.15159250791276604,0.24943364689712494,2
83,0.21675497640082986,0.290300954744125,0.7198882509568375,2.2537485771007315,0.6330552000127612,0.09610019368607484,0.14224492502448993,0.2272545197285653,2
84,0.20445764767082594,0.24358088655740914,0.6973034345832588,2.2942359810617527,0.5359389728576174,0.07191731813956992,0.13970557854273524,0.23813237643407398,2
85,0.21419727395770885,0.2718896585913232,0.7185803364884883,2.3602192611436426,0.5638985821507293,0.08306826351874848,0.14716478286223955,0.2512471982964092,2
86,0.21654706334959586,0.23885410130951829,0.704856379650665,2.311281756658313,0.5020784730132983,0.0680507458193531,0.1494333356473852,0.24617698253048828,2
87,0.2260246726641928,0.2814281819504318,0.7265262418316194,2.3470234090882,0.5865545943573496,0.0863070443338806,0.14699772502554506,0.23764653984287182,2
88,0.23604107465518304,0.23705472609232173,0.6986564882243881,2.3170892350104255,0.5030127487533238,0.07170426315083839,0.14308407977215584,0.2183506463848259,2
89,0.2514771876218407,0.2616017701802412,0.7049198247598567,2.398985009990129,0.5738229237512164,0.08375395361526763,0.13755831931126344,0.21883746864087408,2
90,0.2614755268178374,0.23667572885486432,0.6990370866333881,2.36511735265997,0.5137759265471863,0.06989194837866816,0.15419225122529917,0.20898925264629978,2
91,0.25545292769469763,0.27759735090605564,0.7060899029775689,2.300059707572696,0.5781043710553057,0.09968109207079136,0.15080552007079628,0.18925289901522208,2
92,0.2286699082228708,0.2593544683301684,0.6894528963436285,2.249274033705932,0.5012345027753047,0.07691400921452062,0.13538924012314685,0.17678285025089704,2
93,0.2323831242360285,0.25024923287602824,0.7085302256150858,2.339176130162516,0.5878523530869135,0.09602096697630554,0.14946440055243512,0.19081806538101428,2
94,0.23631023284809674,0.2272270220913852,0.6964070604298669,2.3390524490944573,0.5304538416792067,0.07258122105375174,0.1441670851888613,0.17914002428367976,2
95,0.24411697480232267,0.26651282886557165,0.7217460446811891,2.373167879855724,0.575298690999187,0.07905850405348086,0.1441115293769153,0.1828958938191139,2
96,0.25109824135906494,0.22991255764019614,0.6997339389754403,2.3571261504748113,0.5226831432176623,0.07645191429373428,0.1473843905049747,0.16022900940603174,2
97,0.24130982797984793,0.26072590264958695,0.6999941298633325,2.322500925399736,0.5612153493414621,0.0842830418809661,0.1418647032484422,0.15115087491575593,2
98,0.23787524442501273,0.2346557001378979,0.6910540546091408,2.3194910131240283,0.5156443071997482,0.07424454437811076,0.15117314687357292,0.1412643220897428,2
99,0.2288427841066123,0.24859251192116172,0.6815494902378608,2.3134362213247313,0.5600237694070344,0.08249914822712356,0.15232611883048952,0.1349774474676292,2
100,0.1920269466504381,0.5996596394283564,0.6757704618778717,2.1073092289297994,0.4940109106708021,0.10092489577697254,0.14990120025911816,0.13141360424671653,2
101,0.1842309090335344,0.2852010310857105,0.7223706470547369,2.3213173219718772,0.5774120935925477,0.08850527316920141,0.14048627169423436,0.1627986763293206,2
102,0.1810113624519811,0.24729381915754564,0.7186069370725905,2.3476503502591175,0.4855514925613656,0.07368487929462442,0.14218936826534376,0.15126466237311773,2
103,0.17945723363099028,0.3000070648175217,0.7317401441765071,2.375283560411212,0.6064803530757968,0.12452000394631316,0.13943631361614098,0.16581405412637687,2
104,0.1657938867513598,0.2499688098477111,0.7125240194095814,2.390474472311698,0.4884358472246377,0.08040151921467298,0.14326741633121387,0.145745127920546,2
105,0.17151363146076035,0.2902884134921841,0.7290458569438715,2.345348724818212,0.6106956219036354,0.09996929967527174,0.14699509604109737,0.1397790425808734,2
106,0.16611772666849026,0.24382405310823463,0.6985267888780751,2.3517487372320547,0.5282263482725917,0.08327932104347817,0.14207174478322485,0.1238587300714789,2
107,0.1640732427368387,0.26579847907971543,0.7045781110043796,2.3701131541845646,0.5797712877166613,0.08332815947088368,0.152312357410278,0.13102128776498473,2
108,0.144451397493863,0.28016728313177003,0.7053408130231871,2.296225648354176,0.5163102490121878,0.07952587807885006,0.14111027690007197,0.11282476098782251,2
109,0.15007877799385783,0.26705836619217477,0.7466827426416849,2.4571733197355488,0.5803262531693594,0.1088589413952461,0.14848643559033534,0.13323856183679042,2
110,0.13066704848274244,0.24787681879670778,0.7034050602895431,2.325120872597492,0.5257798176280358,0.08528343332869456,0.1414172694134426,0.10328481169851389,2
111,0.13720839562674503,0.26857953827556635,0.7476602150622368,2.4288908574284216,0.549611131124759,0.08622534557845757,0.14185355986698145,0.1200587861554449,2
112,0.1423940433592335,0.24004160031987967,0.7386460823709293,2.485132563912095,0.5254602897228601,0.06925270349154476,0.14648763982579377,0.10226099706026583,2
113,0.14761626935506544,0.2650131594572718,0.7668273921060101,2.499731777570326,0.5753943380447989,0.0826179784112295,0.14314745815359958,0.1134441280810475,2
114,0.15764197314090195,0.24100313276062088,0.7528356902325772,2.4916502231054203,0.5082183975297739,0.06935751712429107,0.14182385570041295,0.09004430024710024,2
115,0.1619129162686765,0.2647828475191197,0.7491911437366936,2.5185712374318676,0.5952040395172074,0.08046595275546868,0.1334003344621316,0.08933752244807205,2
116,0.1646609508952468,0.22867704451096224,0.7422685747928202,2.4961991793236677,0.4978214499897761,0.0724564565556116,0.14159929655867848,0.08748422204731694,2
117,0.16722604650175416,0.2530320592922167,0.7135955501651136,2.530739774423814,0.5987760667447288,0.07893166429585437,0.1498357648287938,0.09907251066931759,2
118,0.16679270657762624,0.24887089106082486,0.7304060922753431,2.448097989574528,0.5314298571121134,0.08011391450492983,0.14840668206795454,0.07483882002134672,2
119,0.17832823928958091,0.25583959853040866,0.7409088239498814,2.5229474976463635,0.5960027645624804,0.0803674615374967,0.15500536455769495,0.08571333640178755,2
120,0.17909162754627664,0.23944361783244272,0.7156170334377133,2.465400148144334,0.5406809711983576,0.07277143180549629,0.13949065112329223,0.0700778344192503,2
121,0.16219737136662168,0.33380534895456937,0.6863918777926057,2.2994672042539235,0.5762716198286826,0.09553601734061959,0.14913274766246254,0.0984688284382214,2
122,0.16169591585198187,0.24833092596736916,0.709599469509402,2.4532082115125116,0.5218138222106415,0.07588948038748201,0.1426196891970777,0.07829408252107513,2
123,0.16403826276435451,0.26221714542365904,0.727953729539189,2.5044389014192325,0.6127354569204378,0.10289449740577052,0.14228973011578794,0.09194752256317097,2
124,0.16687289147655376,0.2460300369229229,0.7084063454662233,2.5365085910188183,0.5861176981159717,0.07631957135990357,0.13932372171430193,0.07447265998611435,2
125,0.1810802161797819,0.259975362363525,0.7224154333667927,2.5848607674288293,0.6093432254675747,0.09611601845958516,0.14600415612607895,0.08458972788415388,2
126,0.18255159932758303,0.23611560813303778,0.718766597386303,2.570364289827115,0.5453756347320668,0.0648481149602943,0.14307998283368414,0.06404163702424831,2
127,0.17874389018956666,0.2597115255258423,0.7228911155809796,2.584945039970286,0.5647057942508105,0.07525339776074727,0.15472919980625685,0.07360405638341304,2
128,0.1879174381494826,0.2488944998072094,0.7073673945780998,2.606571460789017,0.5718250477496476,0.07460376453881103,0.13807283032434464,0.0631267787978258,2
129,0.19135575389109927,0.2500294327098222,0.6861809823009415,2.6453125460398956,0.5980307744705141,0.07815855075933512,0.151281108470873,0.07156298770303612,2
130,0.19617137542388813,0.2425466160341352,0.6771150129543787,2.643531757587251,0.5614105704489525,0.07239219295035731,0.14804078768028153,0.06361549717903013,2
131,0.20614604554728505,0.2797737366882038,0.6954031412816646,2.6057202601216254,0.6438116828109008,0.08958258802157068,0.14364321202337882,0.0679319791609543,2
132,0.20733063085344366,0.2432094353410284,0.6805172162377717,2.544612527578661,0.5806031973705005,0.08160516960160974,0.13264626598240797,0.061472576818348265,2
133,0.048819399214816435,0.2702081063270606,0.6728040374535305,2.5891298265195264,0.5926502554103306,0.08666095409302395,0.15555521418336554,0.07153190323742847,2
134,0.9478425897245911,0.2205988421292119,0.6692322057367,2.565027358037644,0.6051267703944969,0.07537571499142956,0.14625954458869425,0.07893354951235665,2
135,2.6147953773243535,0.19834817337449773,0.7352917613361324,2.563312011359109,0.4790176536275125,0.051688429032992006,0.16849706536580802,0.06613583753613768,2
136,2.665062831422814,0.19664148644771104,0.7347938778894523,2.5591727034063636,0.4793799840569462,0.05128411250060811,0.1713783865042606,0.06866404893428789,2
137,2.6564081252446634,0.19684123567454062,0.7356600665418573,2.5631617306288637,0.47743218176015384,0.051413101316658716,0.1680631584812964,0.06629964982650505,2
138,1.954458295266299,0.20799141448066533,0.7062029067350282,2.5601226272184427,0.5407450055631824,0.06437219133419063,0.15914109916796437,0.0764247435082561,2
139,12.93728805792007,0.15544790925550342,0.5328011646546098,2.1510759462540965,0.5868715204398451,0.05462473366026339,0.17219227518868763,0.051556175869446746,3
140,14.140718742967447,0.14294830902906477,0.5171117028533908,2.13938203007488,0.5834835223638136,0.05219898927196027,0.17651270096412652,0.049794591028658276,3
141,5.481182567900003,0.2243705613150613,0.6360259532484698,2.2251695613643965,0.5788893974061767,0.06967196655331534,0.1490601357388159,0.06294768200423233,3
142,0.09383423388722337,0.26845651289505224,0.7332008136480659,2.461839258907409,0.7099217418852318,0.08577459718869918,0.12736513449722958,0.07800117256149103,3
143,0.45732394634514334,0.31783889637611,0.7711429837339377,2.6118212716962947,0.8433428061695548,0.13214450792696972,0.16432282897139466,0.18326463257066347,3
144,0.3604909264519657,0.3051785071824665,0.7637750131484854,2.6050070376094685,0.8098990043722561,0.11288502146515259,0.20198064658932302,0.1468517617154155,3
145,0.36783808759515035,0.2879722366272537,0.7829345088841647,2.595285182798053,0.7751899415832421,0.0867257855854784,0.120882635531409,0.08640968540044681,3
146,0.3599724696125921,0.3252748438707925,0.7631929139895601,2.533657138763993,0.7082814463942428,0.08942505757617014,0.1367683824503724,0.09212683439684173,3
147,0.39179067021358965,0.26768689067854057,0.7896243278144565,2.5653024648315976,0.7066542296458985,0.07484250167537916,0.1347264031364428,0.08081069053021091,3
148,0.4346394127275311,0.25632308531105913,0.7857751948557699,2.6466452685673643,0.7330590203921505,0.07723292629846971,0.13338320913569682,0.07919348097895558,3
149,0.4554210371139438,0.258372804475339,0.7808882117525157,2.6569308091578976,0.7142117083483389,0.07491568543126459,0.12717661528459964,0.07067854141607335,3
150,0.47210746319192337,0.2614039285630813,0.7686255081032195,2.6720685225908896,0.7044623018871388,0.07033479221492528,0.14153721654040188,0.06618639902987614,3
151,0.47982953540838197,0.26804280352578824,0.7956041522203084,2.6576385930103603,0.7466385284220977,0.07737205310585668,0.13269164970950273,0.07871055296460296,3
152,0.4840630837432118,0.26484576964768886,0.7661983189274709,2.6564262201710704,0.7318057585226252,0.07507117363936136,0.13675645812649648,0.06852611665059302,3
153,0.5749907759634225,0.27136896139830546,0.778095635700709,2.688416210237646,0.7274317973963085,0.07084749033844152,0.12685566384269495,0.08185833953959815,3
154,0.5163012866790468,0.26731606701377025,0.7512148554718219,2.6786970020748653,0.7672628128389349,0.06966064148716725,0.13462527442822836,0.07880031308013379,3
155,0.5284942979823947,0.27236887656816855,0.7831546352400102,2.66192969843882,0.7275267220385303,0.09019590495832437,0.12408766711182542,0.09384717862159156,3
156,0.532369895681543,0.24642165265166813,0.7368837504962226,2.69804035690831,0.6870994054653696,0.07811082298945898,0.13611860314684443,0.07312697201580151,3
157,0.5458093992786869,0.288584239334645,0.7761925358776842,2.6565408378522384,0.7222219869324635,0.09208075476124458,0.13038723824118695,0.10616259327563997,3
158,0.5446218415923108,0.23965745896163934,0.7279855670430053,2.66656057153614,0.676910065861469,0.0738933786134783,0.13606372806139186,0.07125270754203297,3
159,0.5377660509221966,0.28880721406497284,0.7636549112893962,2.7273042526734517,0.690159375574944,0.07697169552340008,0.13811770622330952,0.08839023631552874,3
160,0.5208327810314268,0.2602316164337564,0.7192454535006879,2.6125085243176747,0.6548700625606063,0.07355639846389038,0.13306558828570722,0.07060078200046721,3
161,0.5283503884806638,0.2801582312952885,0.7192296989162041,2.63626148125432,0.6932920622135863,0.08021936006944586,0.13363740987893502,0.0767129422584417,3
162,0.5305012754735815,0.24915078443177854,0.691292119206505,2.6622454456693134,0.6759472379596287,0.06830795017716382,0.13489947805939156,0.06218334015279946,3
163,0.5299165921120311,0.2866072686727774,0.7123246488960545,2.6678453369184068,0.6633669957588054,0.08405272238951522,0.13290256718475266,0.06846329533910343,3
164,0.5303157928340865,0.2693023011320882,0.6600364750793541,2.635587717556729,0.7037161405517216,0.07878909515029733,0.13428673770840716,0.06981391984234699,3
165,0.5358769337273326,0.2802358757529503,0.673503418315031,2.638367167187073,0.7011081533924182,0.08159056906379368,0.12768997530931553,0.07538419814037621,3
166,0.5422253793113465,0.24669150774794815,0.6505636582592987,2.710655500551505,0.7069788114723682,0.07333851762984452,0.13478818781025498,0.06650902320657937,3
167,0.539282869915485,0.2609267838004926,0.670232602792089,2.6867010876614223,0.7052048728418883,0.08220631090424076,0.13406511054132553,0.07109404198459898,3
168,0.5354464755125151,0.24483986636103722,0.6351731930323988,2.669163512899022,0.671264755720219,0.07645009234841975,0.1384022733774798,0.06048334589905241,3
169,0.5361247465980701,0.2693540808673188,0.661066673927617,2.661904188736128,0.6826178530450855,0.08662081952100557,0.13875428059387576,0.07602992209998252,3
170,0.5386267705680025,0.24847912920023557,0.6185375639677755,2.69575786886834,0.6271209660733018,0.07948342129481678,0.14397268838844834,0.06643667101012958,3
171,0.5376491221567075,0.2527280743686186,0.6170215526917783,2.691118250958245,0.6947692618862226,0.0870879523353279,0.1401993518171542,0.08935996691754151,3
172,0.5492803420091542,0.24323688129534074,0.6014765518420583,2.6793306236020284,0.6574740882025516,0.0786123223408606,0.12877751329457512,0.07684473076251702,3
173,0.5309431414444008,0.2783806998097784,0.617611131624551,2.6073303679093307,0.6411824880139296,0.09468554494222582,0.13530235676954255,0.07880531355833416,3
174,0.5342148741897168,0.2516581505269525,0.5824382852684267,2.6053263115977288,0.6182582111803787,0.08369502203617889,0.13603715464064958,0.06553828990075394,3
175,0.5415321120861034,0.2835053893638992,0.6133558122805863,2.652731899496697,0.6411077174564013,0.08917928671618448,0.1415606236436221,0.07290298239115346,3
176,0.5480614485102743,0.23965999618354555,0.5768822569623733,2.668420628549609,0.6141535328736278,0.07418340125855279,0.14132062663446435,0.05817215003386157,3
177,0.5475902293312935,0.2565725432868703,0.5933747167990059,2.6814076846027097,0.6411624088999005,0.08841408303280202,0.13714452537880203,0.07838059879688425,3
178,0.550761383392289,0.23094440771915523,0.5396036313735275,2.686685889607018,0.5829280499369881,0.07952643871766638,0.13590156555008318,0.06565153146938656,3
179,0.5552031772238075,0.27920581807618916,0.5894629358316704,2.6511959174179407,0.6099988943336051,0.09181322577396729,0.14096275758484753,0.08872835548455178,3
180,0.551328218338986,0.22626381836899911,0.5355354087921653,2.661855452845847,0.5646700951516151,0.08142227661639001,0.13340752513174886,0.06603269075989472,3
181,0.5573532374860183,0.27421856324675586,0.5803191023611645,2.71437434150466,0.6171458265310706,0.10365990286339935,0.1314333951073619,0.09488073159962632,3
182,0.5450565731170686,0.2393053425235546,0.5105236582719782,2.640677769317854,0.5916579633724999,0.08181226914402286,0.13556073574905608,0.07665130442401207,3
183,0.5604114004577178,0.2631858595146119,0.5430563651259963,2.6687320956527265,0.5981684766534754,0.08665678394299997,0.15109477532522725,0.07619744486842883,3
184,0.5368834266103797,0.24444289744593478,0.5199442420725384,2.6140161325501006,0.5961862906731523,0.08065388500143798,0.14664026852285025,0.06319598459624887,3
185,0.5436207746609629,0.27230926742032274,0.5223886397182889,2.6286279697934445,0.6258171099319914,0.10785166758280111,0.13800439996968492,0.09778105212053566,3
186,0.5473788985717254,0.2532880413571301,0.4954465836202447,2.6548651134913848,0.5809976469417598,0.08546469941157632,0.14258812513339483,0.06928888819022877,3
187,0.5530950233953669,0.29348689047600746,0.5299487303236659,2.686212572216969,0.6672471121230079,0.1040041381137161,0.1513860334789137,0.10041466228191608,3
188,0.5479912325114988,0.23769600376528918,0.48455768474108624,2.6882031184372446,0.5806128657485491,0.07731131907930602,0.13682689343292764,0.09856786649633452,3
189,0.5446535095828571,0.2814077501429668,0.5289900366296408,2.665771324218448,0.6290182948640805,0.09930779654321531,0.13866648854898714,0.10570458232627328,3
190,0.5472693580686363,0.2229843016953685,0.4662551704630487,2.7201845294560667,0.6374580452328684,0.0917667305254579,0.13961147046316147,0.1108991169845329,3
191,0.5576023790869535,0.261182460266147,0.5260767330215741,2.6957187206347406,0.6393564655876379,0.10798586756486937,0.14506593173936788,0.11583112211005792,3
192,0.5609747874720494,0.22033324896004636,0.47820456245867143,2.6581752437606965,0.5604226551128875,0.07838463473996671,0.1467058140728438,0.10002626170423758,3
193,0.5652051141231614,0.2616412930334596,0.504361158096836,2.7163716404319094,0.580689900172914,0.08640293579094847,0.14589491220915046,0.11888543320264976,3
194,0.5615928764436859,0.2308837817960987,0.4691813921061375,2.6965182809083164,0.542616729331641,0.07417168309237072,0.1410653309866857,0.10130878133923306,3
195,0.5603041583391618,0.25112180448093646,0.48696777845544403,2.705630317994807,0.5591046473523292,0.08373997839866007,0.14526841243736507,0.11052674422503943,3
196,0.5558708992728583,0.22800686631079592,0.4479721137103872,2.69508408305825,0.4991010867228657,0.06793477605115394,0.14305606252421293,0.09040810900650985,3
197,0.562971156571156,0.2727710608445296,0.4819684058141221,2.7333090115502854,0.5886976015074394,0.07975221538264962,0.150250015923604,0.09198132576339524,3
198,0.5593110826482649,0.2287691179765838,0.4457269157925627,2.7292307131844193,0.5434347182013058,0.0665713351692687,0.14459588290264125,0.07468251217183125,3
199,0.5628834425623354,0.25100234320763515,0.4854100318377012,2.6966706474564814,0.5190048663152386,0.07729009839532917,0.1449481728895025,0.08443279726492217,3
200,0.5677468620639847,0.23396165330239152,0.43128011656251686,2.7078259911099885,0.4905580593104633,0.07081435827018431,0.15102849735691756,0.08161646108890482,3
201,0.5702284907003848,0.25128741055740383,0.4398321962063076,2.7321601918362286,0.5368994653812389,0.07070054749119746,0.1416610323142855,0.10115333956262704,3
202,0.5616686382271645,0.2769024257785032,0.4725630140265039,2.702880415820275,0.4866036226104992,0.1280265340483396,0.14644521693674403,0.10270510921989845,3
203,0.6360397188657818,0.33254727154345487,0.5212574274445332,2.8820553726738267,0.8145527748981897,0.1582849493964459,0.18816970669720418,0.21946263232502572,3
204,0.7085784263055764,0.3406123924485998,0.4035665268180185,3.0707337582563268,1.6638509546979132,0.18909323677057477,0.250288875149206,0.43751629429837885,3
205,0.7341361674156557,0.30522879960126237,0.4149470722705944,3.1101543352735623,1.74769974813808,0.1989744983127224,0.25361865309289944,0.4850389986929908,3
206,0.711286576795027,0.3427521094885743,0.4057251646490888,3.078625608734013,1.6785305371474677,0.19156525291454432,0.25188813419378747,0.44399874466106015,3
207,0.6892447340620989,0.3252201426527716,0.45109962652095037,3.0115898406815953,1.3224941007885544,0.1615702212661478,0.22696962760093084,0.35191486990144416,3
208,0.5714369277061395,0.1477273239517558,0.36345054874237365,2.6839453570914586,0.7853550952173269,0.027803334506704636,0.15410524563345118,0.1449767929126805,4
209,0.5684626809385431,0.1345765371585641,0.35784026107365774,2.6880384525059084,0.8234862498534944,0.02303126840062134,0.15199828195238915,0.15069122402285168,4
210,0.598516466467515,0.20625134047496108,0.37749531731923613,2.6756851521060327,0.48904569557986494,0.04845391585195653,0.1543275508241223,0.1032182495415309,4
211,0.6333622662772159,0.2523492732037115,0.3702095027467103,2.720336521763797,0.3373638212845882,0.06420913204896173,0.16515334669645043,0.06460354659694369,4
212,0.6522493396668841,0.3539332238261159,0.47208978810222557,2.7899240953616187,0.717661294363071,0.1698076203055057,0.14931544484587153,0.2171198727502462,4
213,0.6422752788702394,0.27902236280221965,0.39714112873061663,2.754201047366896,0.5217942307906412,0.12758212433302885,0.15941798770886267,0.09223476197299788,4
214,0.6333645004144434,0.338589102955,0.428376538680165,2.87964506453587,0.667446447192481,0.20845564631087293,0.14855005858636608,0.21315280429656724,4
215,0.6230968247858799,0.2764403095913918,0.37730854900178734,2.7188277471082785,0.5133148272859447,0.1252153823905756,0.15157338130111692,0.09884686840754282,4
216,0.6616325990106658,0.3676388082235179,0.4603266705451391,2.822250194024016,0.7029517189444374,0.23878489132479458,0.1593723865900003,0.2215027648466075,4
217,0.6377291418990292,0.2675402454765442,0.38564423800253056,2.700498277676192,0.4975421815583652,0.15608476597857043,0.15676788388770616,0.09222058897638317,4
218,0.6480294037094262,0.35245925200056627,0.39944534231603795,2.7932975675368765,0.66714801882293,0.19090015329564589,0.1558586767613911,0.21505125599368569,4
219,0.6395923621988836,0.2595634226353266,0.35596652170579385,2.7424941719548306,0.5058797125952889,0.12400104531525444,0.16119604567566204,0.08139206110887594,4
220,0.6510190108322236,0.3208327973544858,0.3752496856556742,2.815111959590694,0.6334003662544901,0.20847360005851415,0.15559399426984794,0.18986711657252903,4
221,0.6378707675031053,0.2536354937277414,0.36360231996767944,2.737207154011645,0.4208028243472265,0.10517112533308037,0.15761279300914272,0.06342333889412477,4
222,0.6900338216545409,0.32115339829884715,0.3890320678691419,2.7985634863495616,0.6978835816260035,0.26021695260902267,0.15971930316128982,0.22045044162614633,4
223,0.6245204188586311,0.2678232413743557,0.3402066450547992,2.7168984684795072,0.5850604451681216,0.16835856594112253,0.15471322719887345,0.1241441033185621,4
224,0.6499007356702262,0.3134039968332125,0.3528406320245877,2.786382450246862,0.7114256598583881,0.22686947312584055,0.15246884390615653,0.2277558780940392,4
225,0.6141874182380708,0.2512520588316676,0.3305860677067594,2.6592475608849155,0.5593328591631905,0.12639147014710927,0.156185019311878,0.0844223845868703,4
226,0.6223959395062671,0.31219155089470396,0.35176902724352493,2.757895618156144,0.6509468637432577,0.21086294883989892,0.14785549068156126,0.1964813939831205,4
227,0.5911374885562449,0.26840138039560263,0.3356918458908934,2.6429722156751545,0.5261724260181729,0.14365352368304718,0.14801333669223363,0.07506081699313513,4
228,0.6155310702195541,0.28348873076500475,0.3316318080591786,2.7442991572339217,0.5763445437134855,0.21750931131736087,0.14583242882500014,0.16485097797909584,4
229,0.6028332464755156,0.2344095832463004,0.3135665983583559,2.716963986062676,0.4562720927227526,0.09013205462827115,0.1500042477365719,0.05467724767720361,4
230,0.6444202238208377,0.2850419301358471,0.36255876444147356,2.794944864379554,0.6506889984041495,0.2006456273686825,0.15192351182537342,0.177337852404182,4
231,0.6057490398902815,0.27164564119811047,0.3289477432664395,2.7431140596286383,0.5082819278062483,0.19595747601978702,0.15441766923724803,0.09007771236208606,4
232,0.6309608068821683,0.32353418679613016,0.3553743526124718,2.7681770968930524,0.6789147596789559,0.29149703528112725,0.14975113308827548,0.21623794059833337,4
233,0.5966341301344964,0.2503334182640786,0.32345136965429994,2.7049479232040294,0.32609331233524763,0.08338006380346509,0.15771391598026782,0.08039693106920262,4
234,0.657335141294014,0.33571478860391174,0.3418272259354719,2.750405459762213,0.7131202858654722,0.2885015462682012,0.1467837957911996,0.21082768642626887,4
235,0.5848464365744936,0.2219877954554506,0.30616526652634923,2.564857827802895,0.423826168166777,0.06093957557023628,0.1483021086772151,0.040256707753618816,4
236,0.6455423709162941,0.3260664845069181,0.3198008057176435,2.6322338617426495,0.7192143180998893,0.26740649542680106,0.15191543515623482,0.21603652566886028,4
237,0.5986675634850332,0.2579102923991532,0.3141107863290339,2.601092868533907,0.4178675009310835,0.07665732996859095,0.15402313586224445,0.060249103313364596,4
238,0.6155446766249207,0.2960806711136173,0.3141413323314101,2.692202523088105,0.6931467750385449,0.24081143172151628,0.14813495757023196,0.18313349594583145,4
239,0.5891045001738322,0.25703953836166044,0.30317322198604685,2.6631704065070374,0.5543688055196244,0.13808464519273808,0.1462733864437131,0.0627425494529623,4
240,0.6233919108533423,0.2991218259685975,0.3496542988396754,2.7720348533978285,0.6839243047115104,0.2274409864172389,0.14754080035599182,0.1679308752085965,4
241,0.570305543402981,0.2514175955305897,0.3117484433732437,2.601903818088039,0.49648913296296543,0.07704453096142494,0.16175059567100544,0.06560386750067274,4
242,0.597740154602003,0.3006294606021848,0.3145346559303296,2.5592974184613357,0.6976256341060731,0.24381268730174338,0.1481598688397272,0.17692577558004435,4
243,0.5515477867692573,0.23630798838351458,0.29556634916928803,2.4621765152360684,0.4560793003486849,0.07371198584778209,0.14565952945951127,0.04856735578256377,4
244,0.6088871694634564,0.2939883238463946,0.3143435302580724,2.54905447951998,0.6713064663406043,0.22231861959451396,0.1506266781273455,0.1722473688314964,4
245,0.5512138652323375,0.21908189094040129,0.28490511116715095,2.589895740109284,0.46991092379760513,0.06523088393434352,0.1460088321328731,0.049796788671513124,4
246,0.6248975482648382,0.2850939359361842,0.2989997357795348,2.619368598313089,0.7260476992303887,0.25450034583363174,0.15227687245452648,0.1730604707582838,4
247,0.5623895860137594,0.2264315186188481,0.27453837401402814,2.557582554270223,0.4690413335341788,0.10487674470056353,0.15339813815149045,0.058358437144116204,4
248,0.6143596283806348,0.2857611657451008,0.3070715743185774,2.6599123722589137,0.6615317225871161,0.2894525941306417,0.14689902856434683,0.16768751992782843,4
249,0.5523871193198071,0.2394297188827008,0.2722970439187147,2.6304838789846876,0.4378729649639977,0.09774695881863202,0.1556089238289562,0.04790983511436836,4
250,0.6227728917302509,0.31799960998430044,0.32563949852233987,2.61288636296347,0.7833683381853475,0.3466757794874743,0.16509488423635862,0.2351115344845683,4
251,0.5662051278748064,0.24761660955968037,0.28437886328366996,2.627766330828154,0.5144077873770406,0.14670879074774057,0.16734845415071037,0.06527614821271223,4
252,0.5850729145626327,0.28305048763734314,0.27240187260700244,2.6676798429782442,0.5988298685557434,0.23522218465302752,0.1592158674667823,0.1421410460874904,4
253,0.5696984693697228,0.22057850297139975,0.2815284040424356,2.6564952008555665,0.46155534138314036,0.13934024728575803,0.15931094125666004,0.05611208341593986,4
254,0.6419278027450169,0.30535943923945585,0.29137689090395047,2.6746730303932464,0.6162279976313132,0.2637793055804081,0.14873407766237226,0.19570707080620725,4
255,0.5344348450958674,0.23076153365965663,0.27179160441005107,2.569723362218955,0.3706135127980629,0.12715463392786644,0.1460658675515081,0.05446485364317465,4
256,0.6011917889642233,0.311463417969744,0.31032617202884644,2.642837183365083,0.5655017802601433,0.2518054975101234,0.1518702268975223,0.1931546239720166,4
257,0.5614973421872901,0.21694399733049985,0.28003522787473517,2.652960560678457,0.31335500102012853,0.11871122964894744,0.15172270343667663,0.056055018676622825,4
258,0.588188282200459,0.3043030864113837,0.30011146202141104,2.644791687428941,0.534128108562445,0.23447205480134953,0.1592191158722068,0.15821110193946528,4
259,0.5582030895381965,0.2107496841838718,0.27736244043763825,2.65962888466662,0.3100025218125875,0.105523465655467,0.15900488864065276,0.05647337867695187,4
260,0.599895621181002,0.28041028644699917,0.29473858734852937,2.677569577702703,0.5495624894805318,0.235539467037226,0.15707884407542888,0.13743301569818658,4
261,0.5528867139043242,0.2243957902322918,0.2816879876361846,2.6575605475799637,0.34068885102880264,0.10945494487038178,0.1653340951652802,0.05664386557425281,4
262,0.621121930069729,0.29757529183315434,0.30001943897544214,2.65785935678207,0.5244581722062962,0.21378392873077157,0.15748712370090942,0.15038991476070349,4
263,0.5533681097033541,0.24374055180460782,0.28125166746369096,2.6560067512376735,0.43833221848989146,0.1733923975599896,0.15988046164793374,0.06772044338916032,4
264,0.6279706060064398,0.31365500424991305,0.31005907490825946,2.697546785272937,0.647621225985016,0.29553183277964584,0.16171990332805383,0.17294169516797414,4
265,0.5521596753639998,0.22983834194432706,0.28275646204403376,2.6465454459486106,0.4039522285768794,0.12294968233629812,0.1514098650803511,0.061637921554569916,4
266,0.5892388755240648,0.3227795538734348,0.2934318036338879,2.688018307027033,0.5502159835012412,0.227564239209872,0.16314223837270808,0.10451454885189775,4
267,0.5480769764080362,0.2301992672443673,0.3006580292210363,2.6611119878457106,0.40152474376640906,0.12870290700993928,0.1506332464864351,0.08042822255556166,4
268,0.5861939467339059,0.2773205710926853,0.3065221521038233,2.6937803115068357,0.5402346646836654,0.22762834990873612,0.16126427203308935,0.15039517275373945,4
269,0.565814921502646,0.2427705965969167,0.2998172187647555,2.659718094547346,0.3590568257356436,0.11916418631041145,0.18569452843951403,0.07066241664879466,4
270,0.38628047802112175,0.3043090699608505,0.28230301082920894,2.7152713865682414,0.5109313663743659,0.23419525945245068,-0.5504584967847829,0.1099067279943877,4
271,1.6239838307129881,0.22281959923656822,0.4618722237541703,2.4475003201014425,0.3222265793852437,0.15630979206947884,4.088938823310715,0.10377118747972176,4
272,2.319351146412473,0.22226170038430956,0.5541837242995781,2.317849078076835,0.4327595922714412,0.21140365854775583,6.663640333905011,0.12703147471352078,4
273,2.3017544943547787,0.2187562690155084,0.5548657828454455,2.3154656894844585,0.4192653594630687,0.2047741123326633,6.582341801063222,0.1254583167024454,4
274,2.352251921475914,0.219001635254631,0.5598920908527821,2.3098018330636023,0.4255469437181447,0.20807420674741317,6.780489724698588,0.1266612906591929,4
275,2.2702781945882697,0.21466173027681645,0.5510965917072647,2.3202459190152642,0.39479145929533715,0.19395163862901738,6.474927440208823,0.1223313478128569,4
276,12.867530461086957,0.5506098564612678,0.2238009366560118,2.3037531588049527,0.9085358613767798,0.13842235738599956,8.171340499691931,0.29936177596813257,5
277,14.011201491941046,0.35975317171026205,0.05334616062264363,2.2162572632211495,0.8504678990668202,0.10612863996441234,8.695938455749614,0.26137196372709665,5
278,5.63055170832273,1.0724389854899419,0.7781740084217789,2.834253270664793,1.1123444432077276,0.2548098056763849,4.011650694829156,0.21609438616071608,5
279,0.5456111235968877,0.4060492725644768,0.31433128892360807,3.089083475564634,0.7118144024516597,0.19658669207561025,0.3189642571981989,0.3825286161763495,5
280,0.8534777885978097,0.9233357000745099,0.6990314752373262,3.2451786320911746,1.2008392416800566,0.2588666508829731,0.7749740353881234,0.4002989620286002,5
281,0.7610824867492892,0.3859683711793406,0.28726363623273277,2.9973005534298003,0.5788631555515292,0.13069921039135576,0.6181250856136901,0.4118564714607201,5
282,0.7707907672301871,0.8515355238175927,0.6847082363803217,3.1877067055537176,1.0117289475860132,0.309336895069493,1.1942779240656614,0.3975742931464997,5
283,0.9025716445895817,0.5209010471837958,0.3614947636427496,3.105056397102857,0.7832753084829683,0.2525824356139376,0.2586900927730412,0.5065335136996792,5
284,0.9194556247563066,0.8579497868960426,0.7071530030613448,3.193973469458192,1.2033938506032578,0.36324626550747924,0.6084238741006549,0.42118937876757606,5
285,0.846409081042664,0.476490207362424,0.35904799686859035,3.1082740097751205,0.8876755316982736,0.27110791142909846,1.0554040779725253,0.48658589418755793,5
286,0.7575285520590401,0.7792620168108212,0.6750179106428449,3.13316568564272,1.044801060749524,0.31115309881196174,1.1255096398263778,0.3371420319443469,5
287,0.778068520656811,0.4689586481081533,0.32920797323135736,3.0628180764997004,0.8863460131765959,0.21764373643150967,0.734415745731999,0.41854842530803543,5
288,0.7149503691295392,0.7656565275215053,0.5986720327870688,3.2413110672279175,1.173708306965523,0.3451433419793155,0.9787040783496858,0.32133427066806236,5
289,0.743585693219694,0.4801733207276781,0.401786644023941,3.0392179400711363,0.9870358627745898,0.31771002745168064,0.6864604097490762,0.46188514063498026,5
290,0.7167477354819854,0.7920623102986422,0.6533555988057633,3.238921569697002,1.2358420695917873,0.3409806694177119,0.9658942033772812,0.3615971249406356,5
291,0.6485407982712162,0.4924444285351943,0.38617080662635056,3.1024480340905343,0.9349136219542326,0.3100106991848267,0.6750457132812002,0.47638284715317114,5
292,0.5977701217007415,0.7798176195803119,0.6395636758802606,3.28167669357926,1.2494171421469225,0.37410761348860505,0.9284245403909125,0.3684504745482625,5
293,0.6027638687957655,0.432442158731876,0.3757599761582446,3.0852602786577594,0.9049149229669553,0.3013061720736511,0.507041580611104,0.39625696050921533,5
294,0.5702968573527716,0.6804673034297155,0.6341922833058686,3.2251213054273893,1.2215128690674375,0.3199423702660325,0.6760175996962091,0.2769368352024895,5
295,0.501621409186878,0.4730276229193166,0.3950452342476488,3.2094270266627616,0.9832116988161654,0.30950281286571235,0.5463634195982794,0.3438449176550774,5
296,0.44366455327094956,0.7824234331019497,0.7059549707077013,3.2700289627231354,1.1392145682131376,0.31838805437395035,0.5763498747003061,0.22012433961979697,5
297,0.6495625178906898,0.45714595054858387,0.37230455631520476,3.0602736716277192,0.9949733691251327,0.312701632947149,0.811639832550156,0.4683787138368777,5
298,0.5986471556506635,0.7566606827420882,0.6921344057051139,3.1428731199585744,1.1028682764241509,0.3367707798616004,0.9890038070908469,0.30270446130996304,5
299,0.4575413053352712,0.38809566491210956,0.32568071798239356,3.0781148474934823,0.9256742301954032,0.30203434100371435,0.6148249878078067,0.3200245447236349,5
300,0.3527528127520193,0.6662685814075213,0.6484486943330087,3.2172367692918287,1.1290331526952024,0.34279273804614285,0.6547852873071994,0.10251231339845529,5
301,0.8176001514301537,0.5491908999882255,0.41908992970368486,3.1043368023164364,1.0083791449074389,0.31505448470207625,0.9997785197142542,0.7718523091173246,5
302,0.5112587639022101,0.7006505373140085,0.6587925763472184,3.121713409601872,1.1163608932069753,0.2976645830061642,0.6264078765511838,0.2542584448343688,5
303,0.6419221550507557,0.47444704185045883,0.36727803055908614,3.0876339109625652,0.9747560143318802,0.33343273813901037,0.8443789626051251,0.540265479622174,5
304,0.46257997098275144,0.7168037060097062,0.7065864846353194,3.136460417430957,1.1133627512279138,0.3289354608017782,0.7165742680133036,0.2243828514456078,5
305,0.6971212077983564,0.4803255805481622,0.36233464234658536,3.2049839299378657,0.9603723622976862,0.3269016039573981,0.9924749545781365,0.45998245555458156,5
306,0.54175787105864,0.6944153917761193,0.6272288236077556,3.081414639671915,1.0643710156833424,0.31762350055496447,0.9047309177576832,0.23938507755579336,5
307,0.504423869241063,0.40282002884653906,0.36793112329046346,3.0496198981125993,0.9254682991024101,0.2936230727093914,0.8878745547953188,0.3320325666832157,5
308,0.4214857658676888,0.6967026433959314,0.7603217066537856,3.167572529385473,0.9646728852350999,0.24072172316639184,0.9130727463032968,0.15517895969404144,5
309,0.5581976971506084,0.4241806760011684,0.3158303254956638,3.073267819985818,0.8714391950111716,0.21990879834316693,0.8950256014962603,0.34791310115468266,5
310,0.44428249312316137,0.5913117363482325,0.6463604415235192,3.0533568212524558,1.044130468813533,0.31570790247234093,0.8479746259057985,0.1617035590106434,5
311,0.4178608968777826,0.5346405001093489,0.4243937626118059,3.0826401308787807,0.8936673306635896,0.27415093269861246,0.6027211148743314,0.348319360742751,5
312,0.33444823533873536,0.7665462323287839,0.6743027916649537,3.167891080883544,0.9834617598492176,0.2825815589641132,0.4142035135341754,0.12218735351680379,5
313,0.6230407849251018,0.48128320087642,0.41155596053044335,3.039581976065047,0.9623343737091989,0.2944099102008215,1.0352899860828209,0.4953131626335908,5
314,0.38755347895446535,0.6587227357908108,0.6429009530093549,3.1092878749170754,1.1026493936136654,0.3257213463199366,0.7467323010187421,0.16959689039767192,5
315,0.7846852807558057,0.5651761744802101,0.4283293695883222,3.045912632858592,0.9480561695742363,0.3092412066071259,1.023220679999097,0.5424322445180049,5
316,0.49595496983052695,0.7492368695245799,0.7045436072039042,3.087324309660317,1.1639374368636979,0.3323705771676477,0.7388806492577823,0.1843112977598365,5
317,0.5548977801476884,0.4324311628303099,0.3716405520862011,3.038649081442521,1.0101336937270515,0.33212377108313357,0.6919491844832866,0.3565916254545665,5
318,0.5709701302474424,0.8476701526016726,0.7942859144170773,3.151131456403431,1.0990513939290938,0.36436698784228766,1.1231942648497688,0.3263416475950284,5
319,0.47283202182668094,0.49442772260318424,0.47163092828784636,3.0575043897080647,1.0793945607789868,0.34649947624680416,0.8545698856348164,0.42718676107583475,5
320,0.36601583967327267,0.638460452303496,0.6511570759340006,3.0596985930030023,1.0355533265476387,0.32513716197220144,0.5352745963378063,0.1344880451077181,5
321,0.509199993620141,0.4592829499720919,0.43262580216054286,3.075556242228528,1.0005378076715745,0.34324083654814724,1.0132254800560239,0.44189579639900084,5
322,0.3310661525090245,0.4943289470166115,0.5211121216046385,3.1108997783255052,1.0796360356242236,0.30797364631180196,0.4776324908160335,0.10260326262939881,5
323,0.6156129652744127,0.5432025387102114,0.4596837725338057,3.0789769743982607,1.0437027946285053,0.35640680486307896,1.1459763101320366,0.49465024037418875,5
324,0.3743822710259714,0.5957171629986222,0.5485950038271591,3.06267137824406,0.9004661182866018,0.20738552933626053,0.6722663935939671,0.14194984916418474,5
325,0.5557558268842625,0.5023704936928993,0.4023183997375748,3.0188936542253106,0.9025936087402829,0.21745969375487872,1.1080335004904676,0.44598388533498745,5
326,0.3156969381435115,0.5259449811671845,0.5415608982408416,2.9893412988322248,0.9585800654576043,0.271366092649532,0.5344518459219155,0.09588594224609265,5
327,0.5297101215774681,0.5283474925739862,0.43611837502770545,2.913976905590944,0.8897129282695804,0.2517977227564785,1.026510077329286,0.47548196695228717,5
328,0.3334773053223407,0.5902955112034073,0.6050099613922274,2.969051934032061,0.9094745092181246,0.2399996428972719,0.47998887925906353,0.09323680521159274,5
329,0.3883117441249856,0.45892098599689113,0.3932076212776463,2.9322570009065445,0.8617987479065268,0.2352313702837203,0.8751342131985214,0.5046120236053138,5
330,0.2703683496080338,0.6413897223716182,0.620193343771045,2.9376158518326174,0.954342264656819,0.2729688091513024,0.39270543981781936,0.10189959558953333,5
331,0.4821849840165426,0.5203501881468261,0.4030178176322477,2.9230146328618187,0.9294290936230529,0.29126709793950445,1.1724446154214125,0.6318425607294841,5
332,0.25935088223283376,0.6069892012402908,0.5952128037331564,2.9881389389144,0.9361462845447971,0.29592696223051673,0.5038072798946255,0.11870258805646496,5
333,0.6606578757244999,0.5660339914543353,0.40911522213475504,2.871417374449811,1.0188375738221347,0.30300592543595056,1.1258275437470078,0.515768236549997,5
334,0.35433786988324234,0.6151244433762624,0.5646176064229642,2.925662802560752,1.0459983557946964,0.286189031918699,0.5594493446932647,0.09792921619351677,5
335,0.4667912048170838,0.5814294540838091,0.4578940349399438,2.956670193584568,1.013368368414222,0.30625806007443646,0.8654789993792036,0.5202254174924268,5
336,0.28084910270483937,0.6056511028337244,0.554089267398215,2.972621797352191,1.0120939665277233,0.2889966310126468,0.3220443294060427,0.08264695036425704,5
337,0.39551074018864446,0.6364256665699919,0.49244193474890496,2.8913771057379534,1.0330007387519502,0.08811359353894634,0.7884455261546641,0.45305681911083007,5
338,0.5428693347459741,0.780221246478099,0.8528906303610493,3.071200510358756,1.1595277426335497,1.7709650058775763,2.763803082289842,0.4420636678656236,5
339,2.3226879354191756,0.9312031400965248,1.4984252315005273,3.252049681112782,0.30196771179157,1.890369017103243,6.919768234667727,0.08543635246738907,5
340,2.2784439548294086,0.925017710201203,1.4815660830506259,3.245844744698468,0.2851483249445171,1.8542976571623127,6.859344816107587,0.09534873781103548,5
341,2.2701280076786943,0.9377875789743941,1.505799336487063,3.246817211458204,0.23927379435911938,2.005574057476725,6.7717837122598645,0.069116014150919,5
342,2.489573254574101,0.9528495726862191,1.5527705473500677,3.2667552066757963,0.2241525778861647,1.70711890794947,7.4111967039001545,0.07913601301785235,5
343,13.709011332322383,0.32169857708463145,0.2878717000283088,2.6565835970001976,0.11390215611699962,17.72808080259971,0.9805681805001443,0.3359305985787985,6
344,14.94498795771454,0.2581139177034971,0.24583510436097566,2.5542124792074485,-0.009153307608392046,18.514257634167535,1.0377999551518495,0.3370773735650042,6
345,5.903525220308192,0.33819766866305245,0.28732264515580136,2.869926229989816,0.21882197442080603,9.924742419505572,0.5054040873441495,0.22454923314492642,6
346,0.06730792964430377,0.6081705751382298,0.5420299477174603,3.474839747497799,1.0224242479629022,-0.28617545622150276,0.10354005883564062,0.1249634783933335,6
347,0.37801240859451435,0.555298933676728,0.45510193649810055,3.395079399454257,0.9278185418838042,0.4531582303572118,0.18618842844591896,0.24298239486812231,6
348,0.2924826921200082,0.9803769436256499,0.7880448338035224,3.8952040579071308,1.5343060915417306,0.3059538422286444,0.1595409545155346,0.21371912376910743,6
349,0.22415818117489175,0.460407811463959,0.37638620828178715,3.279662251491768,0.7291237678480744,0.12850129820425613,0.12209727781119227,0.17783033717951044,6
350,0.2595949995242913,1.049556856156785,0.9070866214505774,3.7272647208705525,1.3324068961035223,0.23372894925359095,0.13865320527263472,0.15113984828665836,6
351,0.2316301818767126,0.6839334398189847,0.5836389934977732,3.3756435141960797,0.8483989756109314,0.14958448549914424,0.14701910987896277,0.1745286249295876,6
352,0.24269568714460824,0.7557782440561434,0.6777601432118492,3.5259961577480747,1.0432615670298169,0.18915539675984144,0.10292652713008385,0.12698832241358518,6
353,0.2236273500501942,0.7235432786956405,0.6003910894546453,3.4075262094534904,1.0791613877473982,0.20225949703276325,0.15050813079886363,0.1754356628547458,6
354,0.22422856538607552,1.0029141883189758,0.992981283906309,3.481825341540505,1.1207376091100525,0.21767124424892967,0.11219046317024517,0.12125368481766827,6
355,0.1828406576541547,0.5846895822758671,0.5206398686750668,3.257800464660205,0.7811635271925992,0.14627676926354505,0.11502650683014218,0.10034753026398137,6
356,0.20664469396664398,0.9629726623973777,0.9577755665481213,3.370404642986853,0.9652282446454593,0.18318023437528155,0.10044071846205467,0.11490816309139555,6
357,0.19572541320820447,0.8001743873480671,0.766330704830156,3.2175046740288833,0.9018018293194361,0.16600800082592537,0.14277181851220413,0.1615601634300201,6
358,0.20363033718931978,0.7886662559968693,0.813663924413619,3.5129040672819905,1.04140109075318,0.19978961917407345,0.09898627899048161,0.1301161340525041,6
359,0.18750675368639008,0.6550772003282229,0.6230635153008484,3.3265370033372377,0.942596213182866,0.1820780522048632,0.1266701147797071,0.16745924690082417,6
360,0.18741280486560324,0.8931363219853872,0.9232047084478491,3.4350299820207484,0.9982085646216322,0.17953111295857072,0.09328745235522864,0.1159211694429996,6
361,0.16680531433544543,0.6453126890421573,0.6226385218995456,3.3315138837160845,0.8291637785956578,0.1502035262983825,0.12561312343778422,0.18770170467386316,6
362,0.18411914717861985,0.9088742305451736,0.9487353157447562,3.423499172195838,0.9988048433139396,0.19803246026863802,0.0907686907775126,0.1093294992935294,6
363,0.16370887547963942,0.6817739110873199,0.6474850330289347,3.244212460166415,0.890304139868409,0.15524163776824862,0.10233529843871922,0.11485584843139673,6
364,0.1725813240994957,0.794557231552848,0.802147238687612,3.199058243640157,0.9889506193619289,0.210666494909244,0.09446647348716468,0.11837997448597352,6
365,0.14394475163724516,0.4975340475987321,0.4666143351282944,3.098388616321467,0.8004012585342675,0.16135038481802946,0.0862413298741141,0.1173857745133111,6
366,0.20018496604732564,1.0384133759011585,1.0332793082266265,3.210232571592769,0.9540797677950196,0.2345913335879827,0.09199313801722274,0.13247116094139322,6
367,0.1775411102188416,0.7192963315601232,0.709944171707769,3.0548477307175705,0.7622774562601355,0.16810933297812056,0.10193169162207076,0.1666615031513968,6
368,0.17282256748597502,0.8859455801340461,0.948029519921575,3.3179702279376566,0.9294574175591458,0.24421777047579837,0.08699174189678645,0.11299964609194309,6
369,0.16438004451232258,0.6499525747099779,0.6580742213042878,3.1104056748629474,0.7621843113526134,0.19243703899242598,0.08753821151589768,0.1516107383742314,6
370,0.1495685191564889,0.8115143172673139,0.8755510118632058,3.0830159756938667,0.8445428244623467,0.2255857949811733,0.0839405384595354,0.12554992880530053,6
371,0.1322379732237158,0.5580962078271825,0.5412532636675408,2.936924007436079,0.6708078293659757,0.15976950682417476,0.08252969655116589,0.1317080279258862,6
372,0.14102213313193046,0.8598918277779134,0.9232896323850662,3.01588131436262,0.8387000801476081,0.2096777143956536,0.07701791908993329,0.12266878219198511,6
373,0.12093425317726951,0.5816544631892127,0.6054675740267482,2.8469860447192206,0.613930014488866,0.1531047547570507,0.08378533379497509,0.16722378206676994,6
374,0.19039210519910113,0.7551779962593294,0.6279582020438779,3.5258068040377513,1.2918459853897737,0.25904183589081764,0.1118141097036011,0.15011660623517625,6
375,0.12360098650598347,0.5273796626382178,0.4191934890861302,3.064779812227911,0.8684325311126743,0.15848276069473413,0.10242842330239216,0.16101818919085564,6
376,0.1519387959844038,0.8054544340627332,0.7432850787135014,3.290799567606397,1.2212558687045134,0.24667359034541606,0.10435898903904314,0.1549012444499642,6
377,0.12399997037877282,0.487439638557188,0.4004336194982493,2.9821404002473035,0.7504975205723206,0.1421116016299653,0.08410749948824676,0.10888406190605399,6
378,0.13069739420979712,0.8133275692140076,0.7737191439987143,3.080214763620639,1.1246211064182616,0.23864330741466708,0.08379352075985727,0.10693782189829146,6
379,0.09684267649689046,0.42226571200453517,0.39081471254370764,2.700600377750903,0.6301496497640993,0.1305602459847168,0.052285511390687635,0.08088517472699562,6
380,0.18098622442516157,0.7929936749986921,0.6490864068272275,3.5991034135108246,1.317483656104137,0.22508400165967105,0.11735945761276448,0.14129726867663991,6
381,0.11495183130098655,0.4205410946026173,0.3469048535297901,2.915190261073969,0.6633401621388324,0.13686760171008386,0.07405180849419438,0.08090262345434508,6
382,0.19255864101729359,0.9129198905870418,0.707787116131354,3.7112097609471273,1.601180437310574,0.28037042178908445,0.14921874205380214,0.21293437238770638,6
383,0.12927299542986465,0.5028934508490832,0.39387961695050283,3.0442145119556328,0.8038638388027429,0.14668148721740182,0.10092584934975873,0.18577205328847177,6
384,0.18011054666025186,0.9639780621701438,0.8337095835147031,3.503264378182842,1.6893060222843055,0.3315482953760087,0.13835851591220574,0.1687396408848998,6
385,0.08187724773838119,0.3047742303854461,0.2551734271189582,2.64082467889114,0.48502765154479405,0.08290521329970856,0.05562162209383583,0.09822817541811976,6
386,0.1786341805043293,0.9106726413326548,0.8112896278107024,3.5515485913245506,1.5531729282688083,0.30240345827800097,0.12983348203755293,0.15863371585940098,6
387,0.09675364658001658,0.40428229097232876,0.3540823973596093,2.79844523810903,0.713647551227375,0.148285041710569,0.06728234050635784,0.08696261706309313,6
388,0.17124741191600465,0.9186087247549972,0.7808123634851019,3.6196113776656076,1.5884365829299938,0.2924749468499752,0.13298275953220215,0.16361214897732557,6
389,0.09609948711788958,0.3850869562106061,0.324289905250858,2.804895054532146,0.6935480493374753,0.11387848033108317,0.06941906684830207,0.09897318904257961,6
390,0.15692137830111041,0.9482599856328562,0.8787976019016998,3.1956662990793405,1.4778662107061673,0.2979209219971365,0.11367556719434815,0.14378718966582263,6
391,0.08425096540793896,0.3637692925279855,0.30956479404358517,2.658695404855966,0.554897161976258,0.10626169476084343,0.05270863750246343,0.0756235832059417,6
392,0.14636100780066497,0.9730610122326419,0.9626040989016629,3.166661955491369,1.381931869982076,0.2839023942522931,0.11506405043411182,0.1630305221101161,6
393,0.08547050468045224,0.3522018131412038,0.32089895549738595,2.6981879967791973,0.5147802982902308,0.10644166451564593,0.058654258496600484,0.10127955354469977,6
394,0.14498955916116119,1.0023007254518115,0.96355174773337,3.0711675008363093,1.4370340899440173,0.312790526959514,0.10529939499940873,0.15455105976618558,6
395,0.08197341626515775,0.38551799902353145,0.3572899440196308,2.6573472162576683,0.5561151125785938,0.12047651746597167,0.053325081732733294,0.09740378619925105,6
396,0.16830683559464157,1.0969087915544156,1.133506616350256,2.9414600598985254,1.4369590312508371,0.34014761255536946,0.11396383152816848,0.1454321213083894,6
397,0.06815379843021926,0.3669295410191363,0.3769449940820459,2.570989781253677,0.49765446490376986,0.12061531426919177,0.0478578154702956,0.0660390761569681,6
398,0.137230467365309,1.0105514755947982,0.9463227633492921,3.293596862308823,1.5186319171314124,0.37559733602939516,0.13895896937665406,0.19913183738107781,6
399,0.13518868585006674,0.34781723640821993,0.3524387766889337,2.6547257234781383,0.3946210386994549,0.09228753796458698,0.05442375274103064,0.08751610228475473,6
400,0.18286247973260086,1.000114136992769,1.084139786581749,3.124144160603947,1.4374486988674682,0.3413735796180375,0.1371162792412155,0.24555819306238874,6
401,0.09178405351097611,0.36934174462182745,0.3590886531846176,2.634353251101764,0.5324437713979632,0.1363238082188549,0.06453357397858245,0.13381123310202092,6
402,0.13825407859240613,1.0147407276893683,1.1967980141171282,3.037886978061758,1.5443712189861007,0.35218053480702577,0.123430330068206,0.18999718627636714,6
403,0.06057985276055964,0.24378007040582927,0.26085246141595614,2.5364867499349795,0.3931657887755143,0.15596874433268496,0.05274231728633132,0.07417210221901235,6
404,0.13226241040349007,1.1994012138529755,1.1138940810285918,3.001535961599016,1.4900637982453049,0.35632257393272637,0.06855271475913044,0.14627422815312244,6
405,0.15327408632070985,0.4754628438115928,0.5239593659587174,2.569312474139818,0.42416711570461635,0.15448734536541572,0.39679142268414364,0.20975468603740793,6
406,0.07644682132196996,0.3122366755843155,0.3424092374127517,2.096911739335685,0.20230710720264883,0.025612548619925644,-0.01903846438564135,0.032625887442397444,6
407,0.07985378095251539,0.30389653000939476,0.34365807015901917,2.1090027176628356,0.1795768715093211,0.026284032874940792,0.005411563336166309,0.04274827348019493,6
408,0.057216650868197216,0.2828347945838309,0.30543145221558127,2.0495455118032937,0.17443040849207117,0.008541659539687942,-0.09968933745565982,0.0004539255356584844,6
409,0.14282890417750307,0.29363055731993004,0.3741111409514534,2.2995804681409333,0.13319089907990853,0.06966967690702282,0.34478002778118805,0.16442430938572744,6
